SSID,Signal,Latitude,Longitude
Claro,55,40.63084,-8.65953
Kiosk-SAS,50,40.63084,-8.65953
,47,40.63084,-8.65953
eduroam,40,40.63084,-8.65953
eduroam,27,40.63084,-8.65953
eduroam,17,40.63084,-8.65953
eduroam,17,40.63084,-8.65953
eduroam,12,40.63084,-8.65953
,12,40.63084,-8.65953
eduroam,10,40.63084,-8.65953
Kiosk-SAS,50,40.630858333,-8.659426667
,47,40.630858333,-8.659426667
Claro,46,40.630858333,-8.659426667
eduroam,40,40.630858333,-8.659426667
eduroam,27,40.630858333,-8.659426667
eduroam,17,40.630858333,-8.659426667
eduroam,17,40.630858333,-8.659426667
eduroam,12,40.630858333,-8.659426667
,12,40.630858333,-8.659426667
eduroam,10,40.630858333,-8.659426667
Claro,53,40.630876667,-8.659335
Kiosk-SAS,50,40.630876667,-8.659335
,47,40.630876667,-8.659335
eduroam,40,40.630876667,-8.659335
eduroam,27,40.630876667,-8.659335
eduroam,17,40.630876667,-8.659335
eduroam,17,40.630876667,-8.659335
eduroam,12,40.630876667,-8.659335
,12,40.630876667,-8.659335
eduroam,10,40.630876667,-8.659335
Claro,58,40.630905,-8.659236667
Kiosk-SAS,50,40.630905,-8.659236667
,47,40.630905,-8.659236667
eduroam,40,40.630905,-8.659236667
eduroam,27,40.630905,-8.659236667
eduroam,17,40.630905,-8.659236667
eduroam,17,40.630905,-8.659236667
eduroam,12,40.630905,-8.659236667
,12,40.630905,-8.659236667
eduroam,10,40.630905,-8.659236667
Claro,54,40.630938333,-8.659166667
Kiosk-SAS,50,40.630938333,-8.659166667
,47,40.630938333,-8.659166667
eduroam,40,40.630938333,-8.659166667
eduroam,27,40.630938333,-8.659166667
eduroam,17,40.630938333,-8.659166667
eduroam,17,40.630938333,-8.659166667
eduroam,12,40.630938333,-8.659166667
,12,40.630938333,-8.659166667
eduroam,10,40.630938333,-8.659166667
Kiosk-SAS,50,40.630965,-8.659073333
Claro,50,40.630965,-8.659073333
,47,40.630965,-8.659073333
eduroam,40,40.630965,-8.659073333
eduroam,27,40.630965,-8.659073333
eduroam,17,40.630965,-8.659073333
eduroam,17,40.630965,-8.659073333
eduroam,12,40.630965,-8.659073333
,12,40.630965,-8.659073333
eduroam,10,40.630965,-8.659073333
Claro,75,40.63103,-8.658946667
eduroam,50,40.63103,-8.658946667
TP-Link_1832,45,40.63103,-8.658946667
TP-Link_1832_5G,42,40.63103,-8.658946667
eduroam,40,40.63103,-8.658946667
eduroam,35,40.63103,-8.658946667
eduroam,30,40.63103,-8.658946667
eduroam,27,40.63103,-8.658946667
eduroam,27,40.63103,-8.658946667
DIRECT-epson-026d-0-001,25,40.63103,-8.658946667
eduroam,25,40.63103,-8.658946667
eduroam,24,40.63103,-8.658946667
Vodafone-46C8BD,17,40.63103,-8.658946667
eduroam,17,40.63103,-8.658946667
eduroam,17,40.63103,-8.658946667
eduroam,15,40.63103,-8.658946667
Kiosk-SAS,14,40.63103,-8.658946667
eduroam,14,40.63103,-8.658946667
eduroam,14,40.63103,-8.658946667
eduroam,12,40.63103,-8.658946667
,12,40.63103,-8.658946667
CUA,12,40.63103,-8.658946667
,12,40.63103,-8.658946667
MEO-WiFi,12,40.63103,-8.658946667
,9,40.63103,-8.658946667
Claro,61,40.631006667,-8.658866667
eduroam,50,40.631006667,-8.658866667
TP-Link_1832,45,40.631006667,-8.658866667
TP-Link_1832_5G,42,40.631006667,-8.658866667
eduroam,40,40.631006667,-8.658866667
eduroam,35,40.631006667,-8.658866667
eduroam,30,40.631006667,-8.658866667
eduroam,27,40.631006667,-8.658866667
eduroam,27,40.631006667,-8.658866667
DIRECT-epson-026d-0-001,25,40.631006667,-8.658866667
eduroam,25,40.631006667,-8.658866667
eduroam,24,40.631006667,-8.658866667
Vodafone-46C8BD,17,40.631006667,-8.658866667
eduroam,17,40.631006667,-8.658866667
eduroam,17,40.631006667,-8.658866667
eduroam,15,40.631006667,-8.658866667
Kiosk-SAS,14,40.631006667,-8.658866667
eduroam,14,40.631006667,-8.658866667
eduroam,14,40.631006667,-8.658866667
eduroam,12,40.631006667,-8.658866667
,12,40.631006667,-8.658866667
CUA,12,40.631006667,-8.658866667
,12,40.631006667,-8.658866667
MEO-WiFi,12,40.631006667,-8.658866667
,9,40.631006667,-8.658866667
Claro,60,40.630978333,-8.658816667
eduroam,50,40.630978333,-8.658816667
TP-Link_1832,45,40.630978333,-8.658816667
TP-Link_1832_5G,42,40.630978333,-8.658816667
eduroam,40,40.630978333,-8.658816667
eduroam,35,40.630978333,-8.658816667
eduroam,30,40.630978333,-8.658816667
eduroam,27,40.630978333,-8.658816667
eduroam,27,40.630978333,-8.658816667
DIRECT-epson-026d-0-001,25,40.630978333,-8.658816667
eduroam,25,40.630978333,-8.658816667
eduroam,24,40.630978333,-8.658816667
Vodafone-46C8BD,17,40.630978333,-8.658816667
eduroam,17,40.630978333,-8.658816667
eduroam,17,40.630978333,-8.658816667
eduroam,15,40.630978333,-8.658816667
Kiosk-SAS,14,40.630978333,-8.658816667
eduroam,14,40.630978333,-8.658816667
eduroam,14,40.630978333,-8.658816667
eduroam,12,40.630978333,-8.658816667
,12,40.630978333,-8.658816667
CUA,12,40.630978333,-8.658816667
,12,40.630978333,-8.658816667
MEO-WiFi,12,40.630978333,-8.658816667
,9,40.630978333,-8.658816667
Claro,61,40.630953333,-8.658718333
eduroam,50,40.630953333,-8.658718333
TP-Link_1832,45,40.630953333,-8.658718333
TP-Link_1832_5G,42,40.630953333,-8.658718333
eduroam,40,40.630953333,-8.658718333
eduroam,35,40.630953333,-8.658718333
eduroam,30,40.630953333,-8.658718333
eduroam,27,40.630953333,-8.658718333
eduroam,27,40.630953333,-8.658718333
DIRECT-epson-026d-0-001,25,40.630953333,-8.658718333
eduroam,25,40.630953333,-8.658718333
eduroam,24,40.630953333,-8.658718333
Vodafone-46C8BD,17,40.630953333,-8.658718333
eduroam,17,40.630953333,-8.658718333
eduroam,17,40.630953333,-8.658718333
eduroam,15,40.630953333,-8.658718333
Kiosk-SAS,14,40.630953333,-8.658718333
eduroam,14,40.630953333,-8.658718333
eduroam,14,40.630953333,-8.658718333
eduroam,12,40.630953333,-8.658718333
,12,40.630953333,-8.658718333
CUA,12,40.630953333,-8.658718333
,12,40.630953333,-8.658718333
MEO-WiFi,12,40.630953333,-8.658718333
,9,40.630953333,-8.658718333
Claro,63,40.630921667,-8.658643333
eduroam,50,40.630921667,-8.658643333
TP-Link_1832,45,40.630921667,-8.658643333
TP-Link_1832_5G,42,40.630921667,-8.658643333
eduroam,40,40.630921667,-8.658643333
eduroam,35,40.630921667,-8.658643333
eduroam,30,40.630921667,-8.658643333
eduroam,27,40.630921667,-8.658643333
eduroam,27,40.630921667,-8.658643333
DIRECT-epson-026d-0-001,25,40.630921667,-8.658643333
eduroam,25,40.630921667,-8.658643333
eduroam,24,40.630921667,-8.658643333
Vodafone-46C8BD,17,40.630921667,-8.658643333
eduroam,17,40.630921667,-8.658643333
eduroam,17,40.630921667,-8.658643333
eduroam,15,40.630921667,-8.658643333
Kiosk-SAS,14,40.630921667,-8.658643333
eduroam,14,40.630921667,-8.658643333
eduroam,14,40.630921667,-8.658643333
eduroam,12,40.630921667,-8.658643333
,12,40.630921667,-8.658643333
CUA,12,40.630921667,-8.658643333
,12,40.630921667,-8.658643333
MEO-WiFi,12,40.630921667,-8.658643333
,9,40.630921667,-8.658643333
Claro,62,40.630868333,-8.658585
eduroam,50,40.630868333,-8.658585
TP-Link_1832,45,40.630868333,-8.658585
TP-Link_1832_5G,42,40.630868333,-8.658585
eduroam,40,40.630868333,-8.658585
eduroam,35,40.630868333,-8.658585
eduroam,30,40.630868333,-8.658585
eduroam,27,40.630868333,-8.658585
eduroam,27,40.630868333,-8.658585
DIRECT-epson-026d-0-001,25,40.630868333,-8.658585
eduroam,25,40.630868333,-8.658585
eduroam,24,40.630868333,-8.658585
Vodafone-46C8BD,17,40.630868333,-8.658585
eduroam,17,40.630868333,-8.658585
eduroam,17,40.630868333,-8.658585
eduroam,15,40.630868333,-8.658585
Kiosk-SAS,14,40.630868333,-8.658585
eduroam,14,40.630868333,-8.658585
eduroam,14,40.630868333,-8.658585
eduroam,12,40.630868333,-8.658585
,12,40.630868333,-8.658585
CUA,12,40.630868333,-8.658585
,12,40.630868333,-8.658585
MEO-WiFi,12,40.630868333,-8.658585
,9,40.630868333,-8.658585
Claro,87,40.630795,-8.658456667
eduroam,45,40.630795,-8.658456667
TP-Link_1832,45,40.630795,-8.658456667
TP-Link_1832_5G,42,40.630795,-8.658456667
eduroam,35,40.630795,-8.658456667
eduroam,34,40.630795,-8.658456667
eduroam,30,40.630795,-8.658456667
eduroam,29,40.630795,-8.658456667
eduroam,27,40.630795,-8.658456667
eduroam,27,40.630795,-8.658456667
Galaxy A52s 5G,25,40.630795,-8.658456667
DIRECT-epson-026d-0-001,25,40.630795,-8.658456667
eduroam,24,40.630795,-8.658456667
eduroam,22,40.630795,-8.658456667
eduroam,19,40.630795,-8.658456667
Vodafone-46C8BD,17,40.630795,-8.658456667
eduroam,17,40.630795,-8.658456667
eduroam,17,40.630795,-8.658456667
Kiosk-SAS,14,40.630795,-8.658456667
eduroam,14,40.630795,-8.658456667
luisd,14,40.630795,-8.658456667
eduroam,14,40.630795,-8.658456667
CUA,12,40.630795,-8.658456667
,12,40.630795,-8.658456667
MEO-WiFi,12,40.630795,-8.658456667
eduroam,10,40.630795,-8.658456667
,9,40.630795,-8.658456667
Claro,63,40.630776667,-8.658376667
eduroam,45,40.630776667,-8.658376667
TP-Link_1832,45,40.630776667,-8.658376667
TP-Link_1832_5G,42,40.630776667,-8.658376667
eduroam,35,40.630776667,-8.658376667
eduroam,34,40.630776667,-8.658376667
eduroam,30,40.630776667,-8.658376667
eduroam,29,40.630776667,-8.658376667
eduroam,27,40.630776667,-8.658376667
eduroam,27,40.630776667,-8.658376667
Galaxy A52s 5G,25,40.630776667,-8.658376667
DIRECT-epson-026d-0-001,25,40.630776667,-8.658376667
eduroam,24,40.630776667,-8.658376667
eduroam,22,40.630776667,-8.658376667
eduroam,19,40.630776667,-8.658376667
Vodafone-46C8BD,17,40.630776667,-8.658376667
eduroam,17,40.630776667,-8.658376667
eduroam,17,40.630776667,-8.658376667
Kiosk-SAS,14,40.630776667,-8.658376667
eduroam,14,40.630776667,-8.658376667
luisd,14,40.630776667,-8.658376667
eduroam,14,40.630776667,-8.658376667
CUA,12,40.630776667,-8.658376667
,12,40.630776667,-8.658376667
MEO-WiFi,12,40.630776667,-8.658376667
eduroam,10,40.630776667,-8.658376667
,9,40.630776667,-8.658376667
Claro,67,40.630816667,-8.658288333
eduroam,45,40.630816667,-8.658288333
TP-Link_1832,45,40.630816667,-8.658288333
TP-Link_1832_5G,42,40.630816667,-8.658288333
eduroam,35,40.630816667,-8.658288333
eduroam,34,40.630816667,-8.658288333
eduroam,30,40.630816667,-8.658288333
eduroam,29,40.630816667,-8.658288333
eduroam,27,40.630816667,-8.658288333
eduroam,27,40.630816667,-8.658288333
Galaxy A52s 5G,25,40.630816667,-8.658288333
DIRECT-epson-026d-0-001,25,40.630816667,-8.658288333
eduroam,24,40.630816667,-8.658288333
eduroam,22,40.630816667,-8.658288333
eduroam,19,40.630816667,-8.658288333
Vodafone-46C8BD,17,40.630816667,-8.658288333
eduroam,17,40.630816667,-8.658288333
eduroam,17,40.630816667,-8.658288333
Kiosk-SAS,14,40.630816667,-8.658288333
eduroam,14,40.630816667,-8.658288333
luisd,14,40.630816667,-8.658288333
eduroam,14,40.630816667,-8.658288333
CUA,12,40.630816667,-8.658288333
,12,40.630816667,-8.658288333
MEO-WiFi,12,40.630816667,-8.658288333
eduroam,10,40.630816667,-8.658288333
,9,40.630816667,-8.658288333
Claro,62,40.630861667,-8.65823
eduroam,45,40.630861667,-8.65823
TP-Link_1832,45,40.630861667,-8.65823
TP-Link_1832_5G,42,40.630861667,-8.65823
eduroam,35,40.630861667,-8.65823
eduroam,34,40.630861667,-8.65823
eduroam,30,40.630861667,-8.65823
eduroam,29,40.630861667,-8.65823
eduroam,27,40.630861667,-8.65823
eduroam,27,40.630861667,-8.65823
Galaxy A52s 5G,25,40.630861667,-8.65823
DIRECT-epson-026d-0-001,25,40.630861667,-8.65823
eduroam,24,40.630861667,-8.65823
eduroam,22,40.630861667,-8.65823
eduroam,19,40.630861667,-8.65823
Vodafone-46C8BD,17,40.630861667,-8.65823
eduroam,17,40.630861667,-8.65823
eduroam,17,40.630861667,-8.65823
Kiosk-SAS,14,40.630861667,-8.65823
eduroam,14,40.630861667,-8.65823
luisd,14,40.630861667,-8.65823
eduroam,14,40.630861667,-8.65823
CUA,12,40.630861667,-8.65823
,12,40.630861667,-8.65823
MEO-WiFi,12,40.630861667,-8.65823
eduroam,10,40.630861667,-8.65823
,9,40.630861667,-8.65823
Claro,66,40.630905,-8.658175
eduroam,45,40.630905,-8.658175
TP-Link_1832,45,40.630905,-8.658175
TP-Link_1832_5G,42,40.630905,-8.658175
eduroam,35,40.630905,-8.658175
eduroam,34,40.630905,-8.658175
eduroam,30,40.630905,-8.658175
eduroam,29,40.630905,-8.658175
eduroam,27,40.630905,-8.658175
eduroam,27,40.630905,-8.658175
Galaxy A52s 5G,25,40.630905,-8.658175
DIRECT-epson-026d-0-001,25,40.630905,-8.658175
eduroam,24,40.630905,-8.658175
eduroam,22,40.630905,-8.658175
eduroam,19,40.630905,-8.658175
Vodafone-46C8BD,17,40.630905,-8.658175
eduroam,17,40.630905,-8.658175
eduroam,17,40.630905,-8.658175
Kiosk-SAS,14,40.630905,-8.658175
eduroam,14,40.630905,-8.658175
luisd,14,40.630905,-8.658175
eduroam,14,40.630905,-8.658175
CUA,12,40.630905,-8.658175
,12,40.630905,-8.658175
MEO-WiFi,12,40.630905,-8.658175
eduroam,10,40.630905,-8.658175
,9,40.630905,-8.658175
Claro,66,40.630945,-8.658115
eduroam,45,40.630945,-8.658115
TP-Link_1832,45,40.630945,-8.658115
TP-Link_1832_5G,42,40.630945,-8.658115
eduroam,35,40.630945,-8.658115
eduroam,34,40.630945,-8.658115
eduroam,30,40.630945,-8.658115
eduroam,29,40.630945,-8.658115
eduroam,27,40.630945,-8.658115
eduroam,27,40.630945,-8.658115
Galaxy A52s 5G,25,40.630945,-8.658115
DIRECT-epson-026d-0-001,25,40.630945,-8.658115
eduroam,24,40.630945,-8.658115
eduroam,22,40.630945,-8.658115
eduroam,19,40.630945,-8.658115
Vodafone-46C8BD,17,40.630945,-8.658115
eduroam,17,40.630945,-8.658115
eduroam,17,40.630945,-8.658115
Kiosk-SAS,14,40.630945,-8.658115
eduroam,14,40.630945,-8.658115
luisd,14,40.630945,-8.658115
eduroam,14,40.630945,-8.658115
CUA,12,40.630945,-8.658115
,12,40.630945,-8.658115
MEO-WiFi,12,40.630945,-8.658115
eduroam,10,40.630945,-8.658115
,9,40.630945,-8.658115
Claro,80,40.631066667,-8.658005
eduroam,45,40.631066667,-8.658005
Lara,45,40.631066667,-8.658005
AH,42,40.631066667,-8.658005
eduroam,39,40.631066667,-8.658005
eduroam,35,40.631066667,-8.658005
eduroam,34,40.631066667,-8.658005
JPB,30,40.631066667,-8.658005
eduroam,29,40.631066667,-8.658005
eduroam,27,40.631066667,-8.658005
eduroam,27,40.631066667,-8.658005
Galaxy A52s 5G,25,40.631066667,-8.658005
eduroam,22,40.631066667,-8.658005
David's Galaxy A32,22,40.631066667,-8.658005
eduroam,20,40.631066667,-8.658005
eduroam,19,40.631066667,-8.658005
eduroam,15,40.631066667,-8.658005
eduroam,14,40.631066667,-8.658005
eduroam,14,40.631066667,-8.658005
luisd,14,40.631066667,-8.658005
eduroam,10,40.631066667,-8.658005
Claro,62,40.631106667,-8.657991667
eduroam,45,40.631106667,-8.657991667
Lara,45,40.631106667,-8.657991667
AH,42,40.631106667,-8.657991667
eduroam,39,40.631106667,-8.657991667
eduroam,35,40.631106667,-8.657991667
eduroam,34,40.631106667,-8.657991667
JPB,30,40.631106667,-8.657991667
eduroam,29,40.631106667,-8.657991667
eduroam,27,40.631106667,-8.657991667
eduroam,27,40.631106667,-8.657991667
Galaxy A52s 5G,25,40.631106667,-8.657991667
eduroam,22,40.631106667,-8.657991667
David's Galaxy A32,22,40.631106667,-8.657991667
eduroam,20,40.631106667,-8.657991667
eduroam,19,40.631106667,-8.657991667
eduroam,15,40.631106667,-8.657991667
eduroam,14,40.631106667,-8.657991667
eduroam,14,40.631106667,-8.657991667
luisd,14,40.631106667,-8.657991667
eduroam,10,40.631106667,-8.657991667
Claro,62,40.631175,-8.658018333
eduroam,45,40.631175,-8.658018333
Lara,45,40.631175,-8.658018333
AH,42,40.631175,-8.658018333
eduroam,39,40.631175,-8.658018333
eduroam,35,40.631175,-8.658018333
eduroam,34,40.631175,-8.658018333
JPB,30,40.631175,-8.658018333
eduroam,29,40.631175,-8.658018333
eduroam,27,40.631175,-8.658018333
eduroam,27,40.631175,-8.658018333
Galaxy A52s 5G,25,40.631175,-8.658018333
eduroam,22,40.631175,-8.658018333
David's Galaxy A32,22,40.631175,-8.658018333
eduroam,20,40.631175,-8.658018333
eduroam,19,40.631175,-8.658018333
eduroam,15,40.631175,-8.658018333
eduroam,14,40.631175,-8.658018333
eduroam,14,40.631175,-8.658018333
luisd,14,40.631175,-8.658018333
eduroam,10,40.631175,-8.658018333
Claro,61,40.631228333,-8.658076667
eduroam,45,40.631228333,-8.658076667
Lara,45,40.631228333,-8.658076667
AH,42,40.631228333,-8.658076667
eduroam,39,40.631228333,-8.658076667
eduroam,35,40.631228333,-8.658076667
eduroam,34,40.631228333,-8.658076667
JPB,30,40.631228333,-8.658076667
eduroam,29,40.631228333,-8.658076667
eduroam,27,40.631228333,-8.658076667
eduroam,27,40.631228333,-8.658076667
Galaxy A52s 5G,25,40.631228333,-8.658076667
eduroam,22,40.631228333,-8.658076667
David's Galaxy A32,22,40.631228333,-8.658076667
eduroam,20,40.631228333,-8.658076667
eduroam,19,40.631228333,-8.658076667
eduroam,15,40.631228333,-8.658076667
eduroam,14,40.631228333,-8.658076667
eduroam,14,40.631228333,-8.658076667
luisd,14,40.631228333,-8.658076667
eduroam,10,40.631228333,-8.658076667
Claro,59,40.631271667,-8.65815
eduroam,45,40.631271667,-8.65815
Lara,45,40.631271667,-8.65815
AH,42,40.631271667,-8.65815
eduroam,39,40.631271667,-8.65815
eduroam,35,40.631271667,-8.65815
eduroam,34,40.631271667,-8.65815
JPB,30,40.631271667,-8.65815
eduroam,29,40.631271667,-8.65815
eduroam,27,40.631271667,-8.65815
eduroam,27,40.631271667,-8.65815
Galaxy A52s 5G,25,40.631271667,-8.65815
eduroam,22,40.631271667,-8.65815
David's Galaxy A32,22,40.631271667,-8.65815
eduroam,20,40.631271667,-8.65815
eduroam,19,40.631271667,-8.65815
eduroam,15,40.631271667,-8.65815
eduroam,14,40.631271667,-8.65815
eduroam,14,40.631271667,-8.65815
luisd,14,40.631271667,-8.65815
eduroam,10,40.631271667,-8.65815
Claro,59,40.631321667,-8.658205
eduroam,45,40.631321667,-8.658205
Lara,45,40.631321667,-8.658205
AH,42,40.631321667,-8.658205
eduroam,39,40.631321667,-8.658205
eduroam,35,40.631321667,-8.658205
eduroam,34,40.631321667,-8.658205
JPB,30,40.631321667,-8.658205
eduroam,29,40.631321667,-8.658205
eduroam,27,40.631321667,-8.658205
eduroam,27,40.631321667,-8.658205
Galaxy A52s 5G,25,40.631321667,-8.658205
eduroam,22,40.631321667,-8.658205
David's Galaxy A32,22,40.631321667,-8.658205
eduroam,20,40.631321667,-8.658205
eduroam,19,40.631321667,-8.658205
eduroam,15,40.631321667,-8.658205
eduroam,14,40.631321667,-8.658205
eduroam,14,40.631321667,-8.658205
luisd,14,40.631321667,-8.658205
eduroam,10,40.631321667,-8.658205
Claro,65,40.631391667,-8.658361667
AH,50,40.631391667,-8.658361667
eduroam,47,40.631391667,-8.658361667
eduroam,40,40.631391667,-8.658361667
eduroam,39,40.631391667,-8.658361667
Lara,35,40.631391667,-8.658361667
JPB,30,40.631391667,-8.658361667
HEITOR,22,40.631391667,-8.658361667
AV-ARA,22,40.631391667,-8.658361667
David's Galaxy A32,22,40.631391667,-8.658361667
ALTICE_1B1C1C,20,40.631391667,-8.658361667
eduroam,20,40.631391667,-8.658361667
santiago,17,40.631391667,-8.658361667
eduroam,15,40.631391667,-8.658361667
eduroam,14,40.631391667,-8.658361667
eduroam,14,40.631391667,-8.658361667
eduroam,12,40.631391667,-8.658361667
nossacasa_5g,12,40.631391667,-8.658361667
Claro,62,40.631416667,-8.65844
AH,50,40.631416667,-8.65844
eduroam,47,40.631416667,-8.65844
eduroam,40,40.631416667,-8.65844
eduroam,39,40.631416667,-8.65844
Lara,35,40.631416667,-8.65844
JPB,30,40.631416667,-8.65844
HEITOR,22,40.631416667,-8.65844
AV-ARA,22,40.631416667,-8.65844
David's Galaxy A32,22,40.631416667,-8.65844
ALTICE_1B1C1C,20,40.631416667,-8.65844
eduroam,20,40.631416667,-8.65844
santiago,17,40.631416667,-8.65844
eduroam,15,40.631416667,-8.65844
eduroam,14,40.631416667,-8.65844
eduroam,14,40.631416667,-8.65844
eduroam,12,40.631416667,-8.65844
nossacasa_5g,12,40.631416667,-8.65844
Claro,66,40.631435,-8.6585
AH,50,40.631435,-8.6585
eduroam,47,40.631435,-8.6585
eduroam,40,40.631435,-8.6585
eduroam,39,40.631435,-8.6585
Lara,35,40.631435,-8.6585
JPB,30,40.631435,-8.6585
HEITOR,22,40.631435,-8.6585
AV-ARA,22,40.631435,-8.6585
David's Galaxy A32,22,40.631435,-8.6585
ALTICE_1B1C1C,20,40.631435,-8.6585
eduroam,20,40.631435,-8.6585
santiago,17,40.631435,-8.6585
eduroam,15,40.631435,-8.6585
eduroam,14,40.631435,-8.6585
eduroam,14,40.631435,-8.6585
eduroam,12,40.631435,-8.6585
nossacasa_5g,12,40.631435,-8.6585
AH,50,40.631466667,-8.658575
eduroam,47,40.631466667,-8.658575
Claro,43,40.631466667,-8.658575
eduroam,40,40.631466667,-8.658575
eduroam,39,40.631466667,-8.658575
Lara,35,40.631466667,-8.658575
JPB,30,40.631466667,-8.658575
HEITOR,22,40.631466667,-8.658575
AV-ARA,22,40.631466667,-8.658575
David's Galaxy A32,22,40.631466667,-8.658575
ALTICE_1B1C1C,20,40.631466667,-8.658575
eduroam,20,40.631466667,-8.658575
santiago,17,40.631466667,-8.658575
eduroam,15,40.631466667,-8.658575
eduroam,14,40.631466667,-8.658575
eduroam,14,40.631466667,-8.658575
eduroam,12,40.631466667,-8.658575
nossacasa_5g,12,40.631466667,-8.658575
AH,50,40.63151,-8.658651667
eduroam,47,40.63151,-8.658651667
Claro,43,40.63151,-8.658651667
eduroam,40,40.63151,-8.658651667
eduroam,39,40.63151,-8.658651667
Lara,35,40.63151,-8.658651667
JPB,30,40.63151,-8.658651667
HEITOR,22,40.63151,-8.658651667
AV-ARA,22,40.63151,-8.658651667
David's Galaxy A32,22,40.63151,-8.658651667
ALTICE_1B1C1C,20,40.63151,-8.658651667
eduroam,20,40.63151,-8.658651667
santiago,17,40.63151,-8.658651667
eduroam,15,40.63151,-8.658651667
eduroam,14,40.63151,-8.658651667
eduroam,14,40.63151,-8.658651667
eduroam,12,40.63151,-8.658651667
nossacasa_5g,12,40.63151,-8.658651667
Claro,59,40.631555,-8.658701667
AH,50,40.631555,-8.658701667
eduroam,47,40.631555,-8.658701667
eduroam,40,40.631555,-8.658701667
eduroam,39,40.631555,-8.658701667
Lara,35,40.631555,-8.658701667
JPB,30,40.631555,-8.658701667
HEITOR,22,40.631555,-8.658701667
AV-ARA,22,40.631555,-8.658701667
David's Galaxy A32,22,40.631555,-8.658701667
ALTICE_1B1C1C,20,40.631555,-8.658701667
eduroam,20,40.631555,-8.658701667
santiago,17,40.631555,-8.658701667
eduroam,15,40.631555,-8.658701667
eduroam,14,40.631555,-8.658701667
eduroam,14,40.631555,-8.658701667
eduroam,12,40.631555,-8.658701667
nossacasa_5g,12,40.631555,-8.658701667
Claro,82,40.631676667,-8.658835
eduroam,44,40.631676667,-8.658835
Lara,35,40.631676667,-8.658835
eduroam,34,40.631676667,-8.658835
eduroam,30,40.631676667,-8.658835
eduroam,29,40.631676667,-8.658835
HEITOR,22,40.631676667,-8.658835
AV-ARA,22,40.631676667,-8.658835
eduroam,22,40.631676667,-8.658835
eduroam,22,40.631676667,-8.658835
ALTICE_1B1C1C,20,40.631676667,-8.658835
santiago,17,40.631676667,-8.658835
eduroam,17,40.631676667,-8.658835
eduroam,12,40.631676667,-8.658835
eduroam,12,40.631676667,-8.658835
AH,12,40.631676667,-8.658835
nossacasa_5g,12,40.631676667,-8.658835
Claro,60,40.631731667,-8.658891667
eduroam,44,40.631731667,-8.658891667
Lara,35,40.631731667,-8.658891667
eduroam,34,40.631731667,-8.658891667
eduroam,30,40.631731667,-8.658891667
eduroam,29,40.631731667,-8.658891667
HEITOR,22,40.631731667,-8.658891667
AV-ARA,22,40.631731667,-8.658891667
eduroam,22,40.631731667,-8.658891667
eduroam,22,40.631731667,-8.658891667
ALTICE_1B1C1C,20,40.631731667,-8.658891667
santiago,17,40.631731667,-8.658891667
eduroam,17,40.631731667,-8.658891667
eduroam,12,40.631731667,-8.658891667
eduroam,12,40.631731667,-8.658891667
AH,12,40.631731667,-8.658891667
nossacasa_5g,12,40.631731667,-8.658891667
eduroam,44,40.631795,-8.658941667
Claro,43,40.631795,-8.658941667
Lara,35,40.631795,-8.658941667
eduroam,34,40.631795,-8.658941667
eduroam,30,40.631795,-8.658941667
eduroam,29,40.631795,-8.658941667
HEITOR,22,40.631795,-8.658941667
AV-ARA,22,40.631795,-8.658941667
eduroam,22,40.631795,-8.658941667
eduroam,22,40.631795,-8.658941667
ALTICE_1B1C1C,20,40.631795,-8.658941667
santiago,17,40.631795,-8.658941667
eduroam,17,40.631795,-8.658941667
eduroam,12,40.631795,-8.658941667
eduroam,12,40.631795,-8.658941667
AH,12,40.631795,-8.658941667
nossacasa_5g,12,40.631795,-8.658941667
Claro,62,40.631836667,-8.659031667
eduroam,44,40.631836667,-8.659031667
Lara,35,40.631836667,-8.659031667
eduroam,34,40.631836667,-8.659031667
eduroam,30,40.631836667,-8.659031667
eduroam,29,40.631836667,-8.659031667
HEITOR,22,40.631836667,-8.659031667
AV-ARA,22,40.631836667,-8.659031667
eduroam,22,40.631836667,-8.659031667
eduroam,22,40.631836667,-8.659031667
ALTICE_1B1C1C,20,40.631836667,-8.659031667
santiago,17,40.631836667,-8.659031667
eduroam,17,40.631836667,-8.659031667
eduroam,12,40.631836667,-8.659031667
eduroam,12,40.631836667,-8.659031667
AH,12,40.631836667,-8.659031667
nossacasa_5g,12,40.631836667,-8.659031667
Claro,62,40.631883333,-8.659113333
eduroam,44,40.631883333,-8.659113333
Lara,35,40.631883333,-8.659113333
eduroam,34,40.631883333,-8.659113333
eduroam,30,40.631883333,-8.659113333
eduroam,29,40.631883333,-8.659113333
HEITOR,22,40.631883333,-8.659113333
AV-ARA,22,40.631883333,-8.659113333
eduroam,22,40.631883333,-8.659113333
eduroam,22,40.631883333,-8.659113333
ALTICE_1B1C1C,20,40.631883333,-8.659113333
santiago,17,40.631883333,-8.659113333
eduroam,17,40.631883333,-8.659113333
eduroam,12,40.631883333,-8.659113333
eduroam,12,40.631883333,-8.659113333
AH,12,40.631883333,-8.659113333
nossacasa_5g,12,40.631883333,-8.659113333
Claro,57,40.631935,-8.659168333
eduroam,44,40.631935,-8.659168333
Lara,35,40.631935,-8.659168333
eduroam,34,40.631935,-8.659168333
eduroam,30,40.631935,-8.659168333
eduroam,29,40.631935,-8.659168333
HEITOR,22,40.631935,-8.659168333
AV-ARA,22,40.631935,-8.659168333
eduroam,22,40.631935,-8.659168333
eduroam,22,40.631935,-8.659168333
ALTICE_1B1C1C,20,40.631935,-8.659168333
santiago,17,40.631935,-8.659168333
eduroam,17,40.631935,-8.659168333
eduroam,12,40.631935,-8.659168333
eduroam,12,40.631935,-8.659168333
AH,12,40.631935,-8.659168333
nossacasa_5g,12,40.631935,-8.659168333
Claro,85,40.632023333,-8.659303333
eduroam,44,40.632023333,-8.659303333
eduroam,44,40.632023333,-8.659303333
eduroam,34,40.632023333,-8.659303333
Redmi Note 12 Pro 5G,30,40.632023333,-8.659303333
AndroidAPaac1,30,40.632023333,-8.659303333
eduroam,29,40.632023333,-8.659303333
eduroam,27,40.632023333,-8.659303333
eduroam,25,40.632023333,-8.659303333
eduroam,22,40.632023333,-8.659303333
AndroidAP,22,40.632023333,-8.659303333
eduroam,22,40.632023333,-8.659303333
eduroam,22,40.632023333,-8.659303333
,17,40.632023333,-8.659303333
,15,40.632023333,-8.659303333
eduroam,15,40.632023333,-8.659303333
eduroam,15,40.632023333,-8.659303333
,14,40.632023333,-8.659303333
eduroam,12,40.632023333,-8.659303333
eduroam,12,40.632023333,-8.659303333
AH,12,40.632023333,-8.659303333
eduroam,12,40.632023333,-8.659303333
eduroam,10,40.632023333,-8.659303333
,10,40.632023333,-8.659303333
eduroam,10,40.632023333,-8.659303333
Claro,66,40.632058333,-8.659353333
eduroam,44,40.632058333,-8.659353333
eduroam,44,40.632058333,-8.659353333
eduroam,34,40.632058333,-8.659353333
Redmi Note 12 Pro 5G,30,40.632058333,-8.659353333
AndroidAPaac1,30,40.632058333,-8.659353333
eduroam,29,40.632058333,-8.659353333
eduroam,27,40.632058333,-8.659353333
eduroam,25,40.632058333,-8.659353333
eduroam,22,40.632058333,-8.659353333
AndroidAP,22,40.632058333,-8.659353333
eduroam,22,40.632058333,-8.659353333
eduroam,22,40.632058333,-8.659353333
,17,40.632058333,-8.659353333
,15,40.632058333,-8.659353333
eduroam,15,40.632058333,-8.659353333
eduroam,15,40.632058333,-8.659353333
,14,40.632058333,-8.659353333
eduroam,12,40.632058333,-8.659353333
eduroam,12,40.632058333,-8.659353333
AH,12,40.632058333,-8.659353333
eduroam,12,40.632058333,-8.659353333
eduroam,10,40.632058333,-8.659353333
,10,40.632058333,-8.659353333
eduroam,10,40.632058333,-8.659353333
Claro,68,40.632086667,-8.659423333
eduroam,44,40.632086667,-8.659423333
eduroam,44,40.632086667,-8.659423333
eduroam,34,40.632086667,-8.659423333
Redmi Note 12 Pro 5G,30,40.632086667,-8.659423333
AndroidAPaac1,30,40.632086667,-8.659423333
eduroam,29,40.632086667,-8.659423333
eduroam,27,40.632086667,-8.659423333
eduroam,25,40.632086667,-8.659423333
eduroam,22,40.632086667,-8.659423333
AndroidAP,22,40.632086667,-8.659423333
eduroam,22,40.632086667,-8.659423333
eduroam,22,40.632086667,-8.659423333
,17,40.632086667,-8.659423333
,15,40.632086667,-8.659423333
eduroam,15,40.632086667,-8.659423333
eduroam,15,40.632086667,-8.659423333
,14,40.632086667,-8.659423333
eduroam,12,40.632086667,-8.659423333
eduroam,12,40.632086667,-8.659423333
AH,12,40.632086667,-8.659423333
eduroam,12,40.632086667,-8.659423333
eduroam,10,40.632086667,-8.659423333
,10,40.632086667,-8.659423333
eduroam,10,40.632086667,-8.659423333
Claro,68,40.632126667,-8.659475
eduroam,44,40.632126667,-8.659475
eduroam,44,40.632126667,-8.659475
eduroam,34,40.632126667,-8.659475
Redmi Note 12 Pro 5G,30,40.632126667,-8.659475
AndroidAPaac1,30,40.632126667,-8.659475
eduroam,29,40.632126667,-8.659475
eduroam,27,40.632126667,-8.659475
eduroam,25,40.632126667,-8.659475
eduroam,22,40.632126667,-8.659475
AndroidAP,22,40.632126667,-8.659475
eduroam,22,40.632126667,-8.659475
eduroam,22,40.632126667,-8.659475
,17,40.632126667,-8.659475
,15,40.632126667,-8.659475
eduroam,15,40.632126667,-8.659475
eduroam,15,40.632126667,-8.659475
,14,40.632126667,-8.659475
eduroam,12,40.632126667,-8.659475
eduroam,12,40.632126667,-8.659475
AH,12,40.632126667,-8.659475
eduroam,12,40.632126667,-8.659475
eduroam,10,40.632126667,-8.659475
,10,40.632126667,-8.659475
eduroam,10,40.632126667,-8.659475
Claro,59,40.632153333,-8.659488333
eduroam,44,40.632153333,-8.659488333
eduroam,44,40.632153333,-8.659488333
eduroam,34,40.632153333,-8.659488333
Redmi Note 12 Pro 5G,30,40.632153333,-8.659488333
AndroidAPaac1,30,40.632153333,-8.659488333
eduroam,29,40.632153333,-8.659488333
eduroam,27,40.632153333,-8.659488333
eduroam,25,40.632153333,-8.659488333
eduroam,22,40.632153333,-8.659488333
AndroidAP,22,40.632153333,-8.659488333
eduroam,22,40.632153333,-8.659488333
eduroam,22,40.632153333,-8.659488333
,17,40.632153333,-8.659488333
,15,40.632153333,-8.659488333
eduroam,15,40.632153333,-8.659488333
eduroam,15,40.632153333,-8.659488333
,14,40.632153333,-8.659488333
eduroam,12,40.632153333,-8.659488333
eduroam,12,40.632153333,-8.659488333
AH,12,40.632153333,-8.659488333
eduroam,12,40.632153333,-8.659488333
eduroam,10,40.632153333,-8.659488333
,10,40.632153333,-8.659488333
eduroam,10,40.632153333,-8.659488333
Claro,65,40.632211667,-8.659433333
eduroam,44,40.632211667,-8.659433333
eduroam,44,40.632211667,-8.659433333
eduroam,34,40.632211667,-8.659433333
Redmi Note 12 Pro 5G,30,40.632211667,-8.659433333
AndroidAPaac1,30,40.632211667,-8.659433333
eduroam,29,40.632211667,-8.659433333
eduroam,27,40.632211667,-8.659433333
eduroam,25,40.632211667,-8.659433333
eduroam,22,40.632211667,-8.659433333
AndroidAP,22,40.632211667,-8.659433333
eduroam,22,40.632211667,-8.659433333
eduroam,22,40.632211667,-8.659433333
,17,40.632211667,-8.659433333
,15,40.632211667,-8.659433333
eduroam,15,40.632211667,-8.659433333
eduroam,15,40.632211667,-8.659433333
,14,40.632211667,-8.659433333
eduroam,12,40.632211667,-8.659433333
eduroam,12,40.632211667,-8.659433333
AH,12,40.632211667,-8.659433333
eduroam,12,40.632211667,-8.659433333
eduroam,10,40.632211667,-8.659433333
,10,40.632211667,-8.659433333
eduroam,10,40.632211667,-8.659433333
eduroam,74,40.632285,-8.659298333
Claro,70,40.632285,-8.659298333
eduroam,49,40.632285,-8.659298333
eduroam,47,40.632285,-8.659298333
eduroam,45,40.632285,-8.659298333
eduroam,44,40.632285,-8.659298333
eduroam,35,40.632285,-8.659298333
eduroam,34,40.632285,-8.659298333
eduroam,34,40.632285,-8.659298333
DIRECT-OJDAO-NB1008msJT,32,40.632285,-8.659298333
Redmi Note 12 Pro 5G,30,40.632285,-8.659298333
AndroidAPaac1,30,40.632285,-8.659298333
eduroam,29,40.632285,-8.659298333
eduroam,29,40.632285,-8.659298333
eduroam,27,40.632285,-8.659298333
eduroam,27,40.632285,-8.659298333
eduroam,27,40.632285,-8.659298333
eduroam,25,40.632285,-8.659298333
eduroam,25,40.632285,-8.659298333
eduroam,25,40.632285,-8.659298333
eduroam,24,40.632285,-8.659298333
AndroidAP,22,40.632285,-8.659298333
eduroam,22,40.632285,-8.659298333
eduroam,19,40.632285,-8.659298333
eduroam,19,40.632285,-8.659298333
eduroam,19,40.632285,-8.659298333
Redmi Note 9T,17,40.632285,-8.659298333
eduroam,17,40.632285,-8.659298333
,17,40.632285,-8.659298333
OpenLab,15,40.632285,-8.659298333
TP-LINK_BF82,15,40.632285,-8.659298333
,15,40.632285,-8.659298333
eduroam,15,40.632285,-8.659298333
eduroam,14,40.632285,-8.659298333
OPPO Reno 6 5G,14,40.632285,-8.659298333
,14,40.632285,-8.659298333
eduroam,12,40.632285,-8.659298333
eduroam,10,40.632285,-8.659298333
,10,40.632285,-8.659298333
eduroam,10,40.632285,-8.659298333
eduroam,74,40.632288333,-8.659286667
Claro,62,40.632288333,-8.659286667
eduroam,49,40.632288333,-8.659286667
eduroam,47,40.632288333,-8.659286667
eduroam,45,40.632288333,-8.659286667
eduroam,44,40.632288333,-8.659286667
eduroam,35,40.632288333,-8.659286667
eduroam,34,40.632288333,-8.659286667
eduroam,34,40.632288333,-8.659286667
DIRECT-OJDAO-NB1008msJT,32,40.632288333,-8.659286667
Redmi Note 12 Pro 5G,30,40.632288333,-8.659286667
AndroidAPaac1,30,40.632288333,-8.659286667
eduroam,29,40.632288333,-8.659286667
eduroam,29,40.632288333,-8.659286667
eduroam,27,40.632288333,-8.659286667
eduroam,27,40.632288333,-8.659286667
eduroam,27,40.632288333,-8.659286667
eduroam,25,40.632288333,-8.659286667
eduroam,25,40.632288333,-8.659286667
eduroam,25,40.632288333,-8.659286667
eduroam,24,40.632288333,-8.659286667
AndroidAP,22,40.632288333,-8.659286667
eduroam,22,40.632288333,-8.659286667
eduroam,19,40.632288333,-8.659286667
eduroam,19,40.632288333,-8.659286667
eduroam,19,40.632288333,-8.659286667
Redmi Note 9T,17,40.632288333,-8.659286667
eduroam,17,40.632288333,-8.659286667
,17,40.632288333,-8.659286667
OpenLab,15,40.632288333,-8.659286667
TP-LINK_BF82,15,40.632288333,-8.659286667
,15,40.632288333,-8.659286667
eduroam,15,40.632288333,-8.659286667
eduroam,14,40.632288333,-8.659286667
OPPO Reno 6 5G,14,40.632288333,-8.659286667
,14,40.632288333,-8.659286667
eduroam,12,40.632288333,-8.659286667
eduroam,10,40.632288333,-8.659286667
,10,40.632288333,-8.659286667
eduroam,10,40.632288333,-8.659286667
eduroam,74,40.632356667,-8.65921
Claro,53,40.632356667,-8.65921
eduroam,49,40.632356667,-8.65921
eduroam,47,40.632356667,-8.65921
eduroam,45,40.632356667,-8.65921
eduroam,44,40.632356667,-8.65921
eduroam,35,40.632356667,-8.65921
eduroam,34,40.632356667,-8.65921
eduroam,34,40.632356667,-8.65921
DIRECT-OJDAO-NB1008msJT,32,40.632356667,-8.65921
Redmi Note 12 Pro 5G,30,40.632356667,-8.65921
AndroidAPaac1,30,40.632356667,-8.65921
eduroam,29,40.632356667,-8.65921
eduroam,29,40.632356667,-8.65921
eduroam,27,40.632356667,-8.65921
eduroam,27,40.632356667,-8.65921
eduroam,27,40.632356667,-8.65921
eduroam,25,40.632356667,-8.65921
eduroam,25,40.632356667,-8.65921
eduroam,25,40.632356667,-8.65921
eduroam,24,40.632356667,-8.65921
AndroidAP,22,40.632356667,-8.65921
eduroam,22,40.632356667,-8.65921
eduroam,19,40.632356667,-8.65921
eduroam,19,40.632356667,-8.65921
eduroam,19,40.632356667,-8.65921
Redmi Note 9T,17,40.632356667,-8.65921
eduroam,17,40.632356667,-8.65921
,17,40.632356667,-8.65921
OpenLab,15,40.632356667,-8.65921
TP-LINK_BF82,15,40.632356667,-8.65921
,15,40.632356667,-8.65921
eduroam,15,40.632356667,-8.65921
eduroam,14,40.632356667,-8.65921
OPPO Reno 6 5G,14,40.632356667,-8.65921
,14,40.632356667,-8.65921
eduroam,12,40.632356667,-8.65921
eduroam,10,40.632356667,-8.65921
,10,40.632356667,-8.65921
eduroam,10,40.632356667,-8.65921
eduroam,74,40.63241,-8.659248333
Claro,53,40.63241,-8.659248333
eduroam,49,40.63241,-8.659248333
eduroam,47,40.63241,-8.659248333
eduroam,45,40.63241,-8.659248333
eduroam,44,40.63241,-8.659248333
eduroam,35,40.63241,-8.659248333
eduroam,34,40.63241,-8.659248333
eduroam,34,40.63241,-8.659248333
DIRECT-OJDAO-NB1008msJT,32,40.63241,-8.659248333
Redmi Note 12 Pro 5G,30,40.63241,-8.659248333
AndroidAPaac1,30,40.63241,-8.659248333
eduroam,29,40.63241,-8.659248333
eduroam,29,40.63241,-8.659248333
eduroam,27,40.63241,-8.659248333
eduroam,27,40.63241,-8.659248333
eduroam,27,40.63241,-8.659248333
eduroam,25,40.63241,-8.659248333
eduroam,25,40.63241,-8.659248333
eduroam,25,40.63241,-8.659248333
eduroam,24,40.63241,-8.659248333
AndroidAP,22,40.63241,-8.659248333
eduroam,22,40.63241,-8.659248333
eduroam,19,40.63241,-8.659248333
eduroam,19,40.63241,-8.659248333
eduroam,19,40.63241,-8.659248333
Redmi Note 9T,17,40.63241,-8.659248333
eduroam,17,40.63241,-8.659248333
,17,40.63241,-8.659248333
OpenLab,15,40.63241,-8.659248333
TP-LINK_BF82,15,40.63241,-8.659248333
,15,40.63241,-8.659248333
eduroam,15,40.63241,-8.659248333
eduroam,14,40.63241,-8.659248333
OPPO Reno 6 5G,14,40.63241,-8.659248333
,14,40.63241,-8.659248333
eduroam,12,40.63241,-8.659248333
eduroam,10,40.63241,-8.659248333
,10,40.63241,-8.659248333
eduroam,10,40.63241,-8.659248333
eduroam,74,40.632486667,-8.659301667
Claro,61,40.632486667,-8.659301667
eduroam,49,40.632486667,-8.659301667
eduroam,47,40.632486667,-8.659301667
eduroam,45,40.632486667,-8.659301667
eduroam,44,40.632486667,-8.659301667
eduroam,35,40.632486667,-8.659301667
eduroam,34,40.632486667,-8.659301667
eduroam,34,40.632486667,-8.659301667
DIRECT-OJDAO-NB1008msJT,32,40.632486667,-8.659301667
Redmi Note 12 Pro 5G,30,40.632486667,-8.659301667
AndroidAPaac1,30,40.632486667,-8.659301667
eduroam,29,40.632486667,-8.659301667
eduroam,29,40.632486667,-8.659301667
eduroam,27,40.632486667,-8.659301667
eduroam,27,40.632486667,-8.659301667
eduroam,27,40.632486667,-8.659301667
eduroam,25,40.632486667,-8.659301667
eduroam,25,40.632486667,-8.659301667
eduroam,25,40.632486667,-8.659301667
eduroam,24,40.632486667,-8.659301667
AndroidAP,22,40.632486667,-8.659301667
eduroam,22,40.632486667,-8.659301667
eduroam,19,40.632486667,-8.659301667
eduroam,19,40.632486667,-8.659301667
eduroam,19,40.632486667,-8.659301667
Redmi Note 9T,17,40.632486667,-8.659301667
eduroam,17,40.632486667,-8.659301667
,17,40.632486667,-8.659301667
OpenLab,15,40.632486667,-8.659301667
TP-LINK_BF82,15,40.632486667,-8.659301667
,15,40.632486667,-8.659301667
eduroam,15,40.632486667,-8.659301667
eduroam,14,40.632486667,-8.659301667
OPPO Reno 6 5G,14,40.632486667,-8.659301667
,14,40.632486667,-8.659301667
eduroam,12,40.632486667,-8.659301667
eduroam,10,40.632486667,-8.659301667
,10,40.632486667,-8.659301667
eduroam,10,40.632486667,-8.659301667
eduroam,74,40.632543333,-8.65936
Claro,59,40.632543333,-8.65936
eduroam,49,40.632543333,-8.65936
eduroam,47,40.632543333,-8.65936
eduroam,45,40.632543333,-8.65936
eduroam,44,40.632543333,-8.65936
eduroam,35,40.632543333,-8.65936
eduroam,34,40.632543333,-8.65936
eduroam,34,40.632543333,-8.65936
DIRECT-OJDAO-NB1008msJT,32,40.632543333,-8.65936
Redmi Note 12 Pro 5G,30,40.632543333,-8.65936
AndroidAPaac1,30,40.632543333,-8.65936
eduroam,29,40.632543333,-8.65936
eduroam,29,40.632543333,-8.65936
eduroam,27,40.632543333,-8.65936
eduroam,27,40.632543333,-8.65936
eduroam,27,40.632543333,-8.65936
eduroam,25,40.632543333,-8.65936
eduroam,25,40.632543333,-8.65936
eduroam,25,40.632543333,-8.65936
eduroam,24,40.632543333,-8.65936
AndroidAP,22,40.632543333,-8.65936
eduroam,22,40.632543333,-8.65936
eduroam,19,40.632543333,-8.65936
eduroam,19,40.632543333,-8.65936
eduroam,19,40.632543333,-8.65936
Redmi Note 9T,17,40.632543333,-8.65936
eduroam,17,40.632543333,-8.65936
,17,40.632543333,-8.65936
OpenLab,15,40.632543333,-8.65936
TP-LINK_BF82,15,40.632543333,-8.65936
,15,40.632543333,-8.65936
eduroam,15,40.632543333,-8.65936
eduroam,14,40.632543333,-8.65936
OPPO Reno 6 5G,14,40.632543333,-8.65936
,14,40.632543333,-8.65936
eduroam,12,40.632543333,-8.65936
eduroam,10,40.632543333,-8.65936
,10,40.632543333,-8.65936
eduroam,10,40.632543333,-8.65936
Claro,79,40.632545,-8.659455
eduroam,49,40.632545,-8.659455
eduroam,47,40.632545,-8.659455
eduroam,45,40.632545,-8.659455
Sofi,42,40.632545,-8.659455
eduroam,39,40.632545,-8.659455
eduroam,35,40.632545,-8.659455
eduroam,35,40.632545,-8.659455
,35,40.632545,-8.659455
eduroam,34,40.632545,-8.659455
eduroam,34,40.632545,-8.659455
DIRECT-OJDAO-NB1008msJT,32,40.632545,-8.659455
eduroam,25,40.632545,-8.659455
eduroam,25,40.632545,-8.659455
eduroam,24,40.632545,-8.659455
eduroam,24,40.632545,-8.659455
eduroam,24,40.632545,-8.659455
eduroam,24,40.632545,-8.659455
eduroam,24,40.632545,-8.659455
eduroam,19,40.632545,-8.659455
eduroam,19,40.632545,-8.659455
eduroam,19,40.632545,-8.659455
eduroam,19,40.632545,-8.659455
Redmi Note 9T,17,40.632545,-8.659455
eduroam,17,40.632545,-8.659455
eduroam,17,40.632545,-8.659455
OpenLab,15,40.632545,-8.659455
TP-LINK_BF82,15,40.632545,-8.659455
eduroam,15,40.632545,-8.659455
eduroam,14,40.632545,-8.659455
eduroam,14,40.632545,-8.659455
OPPO Reno 6 5G,14,40.632545,-8.659455
eduroam,14,40.632545,-8.659455
eduroam,12,40.632545,-8.659455
Kalebe,10,40.632545,-8.659455
eduroam,10,40.632545,-8.659455
eduroam,7,40.632545,-8.659455
Claro,66,40.632481667,-8.659395
eduroam,49,40.632481667,-8.659395
eduroam,47,40.632481667,-8.659395
eduroam,45,40.632481667,-8.659395
Sofi,42,40.632481667,-8.659395
eduroam,39,40.632481667,-8.659395
eduroam,35,40.632481667,-8.659395
eduroam,35,40.632481667,-8.659395
,35,40.632481667,-8.659395
eduroam,34,40.632481667,-8.659395
eduroam,34,40.632481667,-8.659395
DIRECT-OJDAO-NB1008msJT,32,40.632481667,-8.659395
eduroam,25,40.632481667,-8.659395
eduroam,25,40.632481667,-8.659395
eduroam,24,40.632481667,-8.659395
eduroam,24,40.632481667,-8.659395
eduroam,24,40.632481667,-8.659395
eduroam,24,40.632481667,-8.659395
eduroam,24,40.632481667,-8.659395
eduroam,19,40.632481667,-8.659395
eduroam,19,40.632481667,-8.659395
eduroam,19,40.632481667,-8.659395
eduroam,19,40.632481667,-8.659395
Redmi Note 9T,17,40.632481667,-8.659395
eduroam,17,40.632481667,-8.659395
eduroam,17,40.632481667,-8.659395
OpenLab,15,40.632481667,-8.659395
TP-LINK_BF82,15,40.632481667,-8.659395
eduroam,15,40.632481667,-8.659395
eduroam,14,40.632481667,-8.659395
eduroam,14,40.632481667,-8.659395
OPPO Reno 6 5G,14,40.632481667,-8.659395
eduroam,14,40.632481667,-8.659395
eduroam,12,40.632481667,-8.659395
Kalebe,10,40.632481667,-8.659395
eduroam,10,40.632481667,-8.659395
eduroam,7,40.632481667,-8.659395
Claro,66,40.632403333,-8.659406667
eduroam,49,40.632403333,-8.659406667
eduroam,47,40.632403333,-8.659406667
eduroam,45,40.632403333,-8.659406667
Sofi,42,40.632403333,-8.659406667
eduroam,39,40.632403333,-8.659406667
eduroam,35,40.632403333,-8.659406667
eduroam,35,40.632403333,-8.659406667
,35,40.632403333,-8.659406667
eduroam,34,40.632403333,-8.659406667
eduroam,34,40.632403333,-8.659406667
DIRECT-OJDAO-NB1008msJT,32,40.632403333,-8.659406667
eduroam,25,40.632403333,-8.659406667
eduroam,25,40.632403333,-8.659406667
eduroam,24,40.632403333,-8.659406667
eduroam,24,40.632403333,-8.659406667
eduroam,24,40.632403333,-8.659406667
eduroam,24,40.632403333,-8.659406667
eduroam,24,40.632403333,-8.659406667
eduroam,19,40.632403333,-8.659406667
eduroam,19,40.632403333,-8.659406667
eduroam,19,40.632403333,-8.659406667
eduroam,19,40.632403333,-8.659406667
Redmi Note 9T,17,40.632403333,-8.659406667
eduroam,17,40.632403333,-8.659406667
eduroam,17,40.632403333,-8.659406667
OpenLab,15,40.632403333,-8.659406667
TP-LINK_BF82,15,40.632403333,-8.659406667
eduroam,15,40.632403333,-8.659406667
eduroam,14,40.632403333,-8.659406667
eduroam,14,40.632403333,-8.659406667
OPPO Reno 6 5G,14,40.632403333,-8.659406667
eduroam,14,40.632403333,-8.659406667
eduroam,12,40.632403333,-8.659406667
Kalebe,10,40.632403333,-8.659406667
eduroam,10,40.632403333,-8.659406667
eduroam,7,40.632403333,-8.659406667
Claro,66,40.632338333,-8.65941
eduroam,49,40.632338333,-8.65941
eduroam,47,40.632338333,-8.65941
eduroam,45,40.632338333,-8.65941
Sofi,42,40.632338333,-8.65941
eduroam,39,40.632338333,-8.65941
eduroam,35,40.632338333,-8.65941
eduroam,35,40.632338333,-8.65941
,35,40.632338333,-8.65941
eduroam,34,40.632338333,-8.65941
eduroam,34,40.632338333,-8.65941
DIRECT-OJDAO-NB1008msJT,32,40.632338333,-8.65941
eduroam,25,40.632338333,-8.65941
eduroam,25,40.632338333,-8.65941
eduroam,24,40.632338333,-8.65941
eduroam,24,40.632338333,-8.65941
eduroam,24,40.632338333,-8.65941
eduroam,24,40.632338333,-8.65941
eduroam,24,40.632338333,-8.65941
eduroam,19,40.632338333,-8.65941
eduroam,19,40.632338333,-8.65941
eduroam,19,40.632338333,-8.65941
eduroam,19,40.632338333,-8.65941
Redmi Note 9T,17,40.632338333,-8.65941
eduroam,17,40.632338333,-8.65941
eduroam,17,40.632338333,-8.65941
OpenLab,15,40.632338333,-8.65941
TP-LINK_BF82,15,40.632338333,-8.65941
eduroam,15,40.632338333,-8.65941
eduroam,14,40.632338333,-8.65941
eduroam,14,40.632338333,-8.65941
OPPO Reno 6 5G,14,40.632338333,-8.65941
eduroam,14,40.632338333,-8.65941
eduroam,12,40.632338333,-8.65941
Kalebe,10,40.632338333,-8.65941
eduroam,10,40.632338333,-8.65941
eduroam,7,40.632338333,-8.65941
Claro,58,40.632285,-8.659408333
eduroam,49,40.632285,-8.659408333
eduroam,47,40.632285,-8.659408333
eduroam,45,40.632285,-8.659408333
Sofi,42,40.632285,-8.659408333
eduroam,39,40.632285,-8.659408333
eduroam,35,40.632285,-8.659408333
eduroam,35,40.632285,-8.659408333
,35,40.632285,-8.659408333
eduroam,34,40.632285,-8.659408333
eduroam,34,40.632285,-8.659408333
DIRECT-OJDAO-NB1008msJT,32,40.632285,-8.659408333
eduroam,25,40.632285,-8.659408333
eduroam,25,40.632285,-8.659408333
eduroam,24,40.632285,-8.659408333
eduroam,24,40.632285,-8.659408333
eduroam,24,40.632285,-8.659408333
eduroam,24,40.632285,-8.659408333
eduroam,24,40.632285,-8.659408333
eduroam,19,40.632285,-8.659408333
eduroam,19,40.632285,-8.659408333
eduroam,19,40.632285,-8.659408333
eduroam,19,40.632285,-8.659408333
Redmi Note 9T,17,40.632285,-8.659408333
eduroam,17,40.632285,-8.659408333
eduroam,17,40.632285,-8.659408333
OpenLab,15,40.632285,-8.659408333
TP-LINK_BF82,15,40.632285,-8.659408333
eduroam,15,40.632285,-8.659408333
eduroam,14,40.632285,-8.659408333
eduroam,14,40.632285,-8.659408333
OPPO Reno 6 5G,14,40.632285,-8.659408333
eduroam,14,40.632285,-8.659408333
eduroam,12,40.632285,-8.659408333
Kalebe,10,40.632285,-8.659408333
eduroam,10,40.632285,-8.659408333
eduroam,7,40.632285,-8.659408333
Claro,62,40.632283333,-8.659491667
eduroam,49,40.632283333,-8.659491667
eduroam,47,40.632283333,-8.659491667
eduroam,45,40.632283333,-8.659491667
Sofi,42,40.632283333,-8.659491667
eduroam,39,40.632283333,-8.659491667
eduroam,35,40.632283333,-8.659491667
eduroam,35,40.632283333,-8.659491667
,35,40.632283333,-8.659491667
eduroam,34,40.632283333,-8.659491667
eduroam,34,40.632283333,-8.659491667
DIRECT-OJDAO-NB1008msJT,32,40.632283333,-8.659491667
eduroam,25,40.632283333,-8.659491667
eduroam,25,40.632283333,-8.659491667
eduroam,24,40.632283333,-8.659491667
eduroam,24,40.632283333,-8.659491667
eduroam,24,40.632283333,-8.659491667
eduroam,24,40.632283333,-8.659491667
eduroam,24,40.632283333,-8.659491667
eduroam,19,40.632283333,-8.659491667
eduroam,19,40.632283333,-8.659491667
eduroam,19,40.632283333,-8.659491667
eduroam,19,40.632283333,-8.659491667
Redmi Note 9T,17,40.632283333,-8.659491667
eduroam,17,40.632283333,-8.659491667
eduroam,17,40.632283333,-8.659491667
OpenLab,15,40.632283333,-8.659491667
TP-LINK_BF82,15,40.632283333,-8.659491667
eduroam,15,40.632283333,-8.659491667
eduroam,14,40.632283333,-8.659491667
eduroam,14,40.632283333,-8.659491667
OPPO Reno 6 5G,14,40.632283333,-8.659491667
eduroam,14,40.632283333,-8.659491667
eduroam,12,40.632283333,-8.659491667
Kalebe,10,40.632283333,-8.659491667
eduroam,10,40.632283333,-8.659491667
eduroam,7,40.632283333,-8.659491667
Claro,84,40.632368333,-8.65967
Sofi,54,40.632368333,-8.65967
eduroam,39,40.632368333,-8.65967
eduroam,35,40.632368333,-8.65967
,35,40.632368333,-8.65967
eduroam,34,40.632368333,-8.65967
eduroam,24,40.632368333,-8.65967
eduroam,24,40.632368333,-8.65967
eduroam,24,40.632368333,-8.65967
eduroam,24,40.632368333,-8.65967
eduroam,24,40.632368333,-8.65967
eduroam,20,40.632368333,-8.65967
eduroam,19,40.632368333,-8.65967
Kalebe,17,40.632368333,-8.65967
eduroam,17,40.632368333,-8.65967
eduroam,15,40.632368333,-8.65967
eduroam,14,40.632368333,-8.65967
eduroam,14,40.632368333,-8.65967
eduroam,14,40.632368333,-8.65967
X,12,40.632368333,-8.65967
eduroam,12,40.632368333,-8.65967
X_guest,10,40.632368333,-8.65967
eduroam,10,40.632368333,-8.65967
eduroam,7,40.632368333,-8.65967
Claro,65,40.632428333,-8.659666667
Sofi,54,40.632428333,-8.659666667
eduroam,39,40.632428333,-8.659666667
eduroam,35,40.632428333,-8.659666667
,35,40.632428333,-8.659666667
eduroam,34,40.632428333,-8.659666667
eduroam,24,40.632428333,-8.659666667
eduroam,24,40.632428333,-8.659666667
eduroam,24,40.632428333,-8.659666667
eduroam,24,40.632428333,-8.659666667
eduroam,24,40.632428333,-8.659666667
eduroam,20,40.632428333,-8.659666667
eduroam,19,40.632428333,-8.659666667
Kalebe,17,40.632428333,-8.659666667
eduroam,17,40.632428333,-8.659666667
eduroam,15,40.632428333,-8.659666667
eduroam,14,40.632428333,-8.659666667
eduroam,14,40.632428333,-8.659666667
eduroam,14,40.632428333,-8.659666667
X,12,40.632428333,-8.659666667
eduroam,12,40.632428333,-8.659666667
X_guest,10,40.632428333,-8.659666667
eduroam,10,40.632428333,-8.659666667
eduroam,7,40.632428333,-8.659666667
Claro,65,40.632473333,-8.659688333
Sofi,54,40.632473333,-8.659688333
eduroam,39,40.632473333,-8.659688333
eduroam,35,40.632473333,-8.659688333
,35,40.632473333,-8.659688333
eduroam,34,40.632473333,-8.659688333
eduroam,24,40.632473333,-8.659688333
eduroam,24,40.632473333,-8.659688333
eduroam,24,40.632473333,-8.659688333
eduroam,24,40.632473333,-8.659688333
eduroam,24,40.632473333,-8.659688333
eduroam,20,40.632473333,-8.659688333
eduroam,19,40.632473333,-8.659688333
Kalebe,17,40.632473333,-8.659688333
eduroam,17,40.632473333,-8.659688333
eduroam,15,40.632473333,-8.659688333
eduroam,14,40.632473333,-8.659688333
eduroam,14,40.632473333,-8.659688333
eduroam,14,40.632473333,-8.659688333
X,12,40.632473333,-8.659688333
eduroam,12,40.632473333,-8.659688333
X_guest,10,40.632473333,-8.659688333
eduroam,10,40.632473333,-8.659688333
eduroam,7,40.632473333,-8.659688333
Claro,61,40.632525,-8.659746667
Sofi,54,40.632525,-8.659746667
eduroam,39,40.632525,-8.659746667
eduroam,35,40.632525,-8.659746667
,35,40.632525,-8.659746667
eduroam,34,40.632525,-8.659746667
eduroam,24,40.632525,-8.659746667
eduroam,24,40.632525,-8.659746667
eduroam,24,40.632525,-8.659746667
eduroam,24,40.632525,-8.659746667
eduroam,24,40.632525,-8.659746667
eduroam,20,40.632525,-8.659746667
eduroam,19,40.632525,-8.659746667
Kalebe,17,40.632525,-8.659746667
eduroam,17,40.632525,-8.659746667
eduroam,15,40.632525,-8.659746667
eduroam,14,40.632525,-8.659746667
eduroam,14,40.632525,-8.659746667
eduroam,14,40.632525,-8.659746667
X,12,40.632525,-8.659746667
eduroam,12,40.632525,-8.659746667
X_guest,10,40.632525,-8.659746667
eduroam,10,40.632525,-8.659746667
eduroam,7,40.632525,-8.659746667
Claro,63,40.632525,-8.659746667
Sofi,54,40.632525,-8.659746667
eduroam,39,40.632525,-8.659746667
eduroam,35,40.632525,-8.659746667
,35,40.632525,-8.659746667
eduroam,34,40.632525,-8.659746667
eduroam,24,40.632525,-8.659746667
eduroam,24,40.632525,-8.659746667
eduroam,24,40.632525,-8.659746667
eduroam,24,40.632525,-8.659746667
eduroam,24,40.632525,-8.659746667
eduroam,20,40.632525,-8.659746667
eduroam,19,40.632525,-8.659746667
Kalebe,17,40.632525,-8.659746667
eduroam,17,40.632525,-8.659746667
eduroam,15,40.632525,-8.659746667
eduroam,14,40.632525,-8.659746667
eduroam,14,40.632525,-8.659746667
eduroam,14,40.632525,-8.659746667
X,12,40.632525,-8.659746667
eduroam,12,40.632525,-8.659746667
X_guest,10,40.632525,-8.659746667
eduroam,10,40.632525,-8.659746667
eduroam,7,40.632525,-8.659746667
Claro,62,40.632525,-8.659746667
Sofi,54,40.632525,-8.659746667
eduroam,39,40.632525,-8.659746667
eduroam,35,40.632525,-8.659746667
,35,40.632525,-8.659746667
eduroam,34,40.632525,-8.659746667
eduroam,24,40.632525,-8.659746667
eduroam,24,40.632525,-8.659746667
eduroam,24,40.632525,-8.659746667
eduroam,24,40.632525,-8.659746667
eduroam,24,40.632525,-8.659746667
eduroam,20,40.632525,-8.659746667
eduroam,19,40.632525,-8.659746667
Kalebe,17,40.632525,-8.659746667
eduroam,17,40.632525,-8.659746667
eduroam,15,40.632525,-8.659746667
eduroam,14,40.632525,-8.659746667
eduroam,14,40.632525,-8.659746667
eduroam,14,40.632525,-8.659746667
X,12,40.632525,-8.659746667
eduroam,12,40.632525,-8.659746667
X_guest,10,40.632525,-8.659746667
eduroam,10,40.632525,-8.659746667
eduroam,7,40.632525,-8.659746667
Claro,70,40.632496667,-8.659841667
eduroam,44,40.632496667,-8.659841667
eduroam,35,40.632496667,-8.659841667
eduroam,35,40.632496667,-8.659841667
eduroam,34,40.632496667,-8.659841667
Kalebe,32,40.632496667,-8.659841667
Sofi,30,40.632496667,-8.659841667
eduroam,29,40.632496667,-8.659841667
eduroam,27,40.632496667,-8.659841667
eduroam,24,40.632496667,-8.659841667
LabCom331,22,40.632496667,-8.659841667
eduroam,20,40.632496667,-8.659841667
X,20,40.632496667,-8.659841667
eduroam,19,40.632496667,-8.659841667
X_guest,17,40.632496667,-8.659841667
eduroam,17,40.632496667,-8.659841667
eduroam,14,40.632496667,-8.659841667
MEO-WiFi,12,40.632496667,-8.659841667
Claro,70,40.632453333,-8.659818333
eduroam,44,40.632453333,-8.659818333
eduroam,35,40.632453333,-8.659818333
eduroam,35,40.632453333,-8.659818333
eduroam,34,40.632453333,-8.659818333
Kalebe,32,40.632453333,-8.659818333
Sofi,30,40.632453333,-8.659818333
eduroam,29,40.632453333,-8.659818333
eduroam,27,40.632453333,-8.659818333
eduroam,24,40.632453333,-8.659818333
LabCom331,22,40.632453333,-8.659818333
eduroam,20,40.632453333,-8.659818333
X,20,40.632453333,-8.659818333
eduroam,19,40.632453333,-8.659818333
X_guest,17,40.632453333,-8.659818333
eduroam,17,40.632453333,-8.659818333
eduroam,14,40.632453333,-8.659818333
MEO-WiFi,12,40.632453333,-8.659818333
Claro,63,40.632391667,-8.659821667
eduroam,44,40.632391667,-8.659821667
eduroam,35,40.632391667,-8.659821667
eduroam,35,40.632391667,-8.659821667
eduroam,34,40.632391667,-8.659821667
Kalebe,32,40.632391667,-8.659821667
Sofi,30,40.632391667,-8.659821667
eduroam,29,40.632391667,-8.659821667
eduroam,27,40.632391667,-8.659821667
eduroam,24,40.632391667,-8.659821667
LabCom331,22,40.632391667,-8.659821667
eduroam,20,40.632391667,-8.659821667
X,20,40.632391667,-8.659821667
eduroam,19,40.632391667,-8.659821667
X_guest,17,40.632391667,-8.659821667
eduroam,17,40.632391667,-8.659821667
eduroam,14,40.632391667,-8.659821667
MEO-WiFi,12,40.632391667,-8.659821667
Claro,60,40.632333333,-8.659836667
eduroam,44,40.632333333,-8.659836667
eduroam,35,40.632333333,-8.659836667
eduroam,35,40.632333333,-8.659836667
eduroam,34,40.632333333,-8.659836667
Kalebe,32,40.632333333,-8.659836667
Sofi,30,40.632333333,-8.659836667
eduroam,29,40.632333333,-8.659836667
eduroam,27,40.632333333,-8.659836667
eduroam,24,40.632333333,-8.659836667
LabCom331,22,40.632333333,-8.659836667
eduroam,20,40.632333333,-8.659836667
X,20,40.632333333,-8.659836667
eduroam,19,40.632333333,-8.659836667
X_guest,17,40.632333333,-8.659836667
eduroam,17,40.632333333,-8.659836667
eduroam,14,40.632333333,-8.659836667
MEO-WiFi,12,40.632333333,-8.659836667
Claro,50,40.632265,-8.659788333
eduroam,44,40.632265,-8.659788333
eduroam,35,40.632265,-8.659788333
eduroam,35,40.632265,-8.659788333
eduroam,34,40.632265,-8.659788333
Kalebe,32,40.632265,-8.659788333
Sofi,30,40.632265,-8.659788333
eduroam,29,40.632265,-8.659788333
eduroam,27,40.632265,-8.659788333
eduroam,24,40.632265,-8.659788333
LabCom331,22,40.632265,-8.659788333
eduroam,20,40.632265,-8.659788333
X,20,40.632265,-8.659788333
eduroam,19,40.632265,-8.659788333
X_guest,17,40.632265,-8.659788333
eduroam,17,40.632265,-8.659788333
eduroam,14,40.632265,-8.659788333
MEO-WiFi,12,40.632265,-8.659788333
Claro,57,40.63222,-8.659731667
eduroam,44,40.63222,-8.659731667
eduroam,35,40.63222,-8.659731667
eduroam,35,40.63222,-8.659731667
eduroam,34,40.63222,-8.659731667
Kalebe,32,40.63222,-8.659731667
Sofi,30,40.63222,-8.659731667
eduroam,29,40.63222,-8.659731667
eduroam,27,40.63222,-8.659731667
eduroam,24,40.63222,-8.659731667
LabCom331,22,40.63222,-8.659731667
eduroam,20,40.63222,-8.659731667
X,20,40.63222,-8.659731667
eduroam,19,40.63222,-8.659731667
X_guest,17,40.63222,-8.659731667
eduroam,17,40.63222,-8.659731667
eduroam,14,40.63222,-8.659731667
MEO-WiFi,12,40.63222,-8.659731667
Claro,67,40.632183333,-8.659561667
Sofi,49,40.632183333,-8.659561667
eduroam,44,40.632183333,-8.659561667
eduroam,35,40.632183333,-8.659561667
Kalebe,32,40.632183333,-8.659561667
eduroam,29,40.632183333,-8.659561667
eduroam,27,40.632183333,-8.659561667
eduroam,25,40.632183333,-8.659561667
eduroam,22,40.632183333,-8.659561667
LabCom331,22,40.632183333,-8.659561667
eduroam,22,40.632183333,-8.659561667
AndroidAPaac1,20,40.632183333,-8.659561667
X,20,40.632183333,-8.659561667
eduroam,20,40.632183333,-8.659561667
eduroam,20,40.632183333,-8.659561667
eduroam,19,40.632183333,-8.659561667
,19,40.632183333,-8.659561667
X_guest,17,40.632183333,-8.659561667
eduroam,17,40.632183333,-8.659561667
eduroam,14,40.632183333,-8.659561667
MEO-WiFi,12,40.632183333,-8.659561667
eduroam,12,40.632183333,-8.659561667
CUA,10,40.632183333,-8.659561667
Claro,67,40.632141667,-8.659506667
Sofi,49,40.632141667,-8.659506667
eduroam,44,40.632141667,-8.659506667
eduroam,35,40.632141667,-8.659506667
Kalebe,32,40.632141667,-8.659506667
eduroam,29,40.632141667,-8.659506667
eduroam,27,40.632141667,-8.659506667
eduroam,25,40.632141667,-8.659506667
eduroam,22,40.632141667,-8.659506667
LabCom331,22,40.632141667,-8.659506667
eduroam,22,40.632141667,-8.659506667
AndroidAPaac1,20,40.632141667,-8.659506667
X,20,40.632141667,-8.659506667
eduroam,20,40.632141667,-8.659506667
eduroam,20,40.632141667,-8.659506667
eduroam,19,40.632141667,-8.659506667
,19,40.632141667,-8.659506667
X_guest,17,40.632141667,-8.659506667
eduroam,17,40.632141667,-8.659506667
eduroam,14,40.632141667,-8.659506667
MEO-WiFi,12,40.632141667,-8.659506667
eduroam,12,40.632141667,-8.659506667
CUA,10,40.632141667,-8.659506667
Claro,63,40.632096667,-8.659496667
Sofi,49,40.632096667,-8.659496667
eduroam,44,40.632096667,-8.659496667
eduroam,35,40.632096667,-8.659496667
Kalebe,32,40.632096667,-8.659496667
eduroam,29,40.632096667,-8.659496667
eduroam,27,40.632096667,-8.659496667
eduroam,25,40.632096667,-8.659496667
eduroam,22,40.632096667,-8.659496667
LabCom331,22,40.632096667,-8.659496667
eduroam,22,40.632096667,-8.659496667
AndroidAPaac1,20,40.632096667,-8.659496667
X,20,40.632096667,-8.659496667
eduroam,20,40.632096667,-8.659496667
eduroam,20,40.632096667,-8.659496667
eduroam,19,40.632096667,-8.659496667
,19,40.632096667,-8.659496667
X_guest,17,40.632096667,-8.659496667
eduroam,17,40.632096667,-8.659496667
eduroam,14,40.632096667,-8.659496667
MEO-WiFi,12,40.632096667,-8.659496667
eduroam,12,40.632096667,-8.659496667
CUA,10,40.632096667,-8.659496667
Claro,63,40.632028333,-8.659495
Sofi,49,40.632028333,-8.659495
eduroam,44,40.632028333,-8.659495
eduroam,35,40.632028333,-8.659495
Kalebe,32,40.632028333,-8.659495
eduroam,29,40.632028333,-8.659495
eduroam,27,40.632028333,-8.659495
eduroam,25,40.632028333,-8.659495
eduroam,22,40.632028333,-8.659495
LabCom331,22,40.632028333,-8.659495
eduroam,22,40.632028333,-8.659495
AndroidAPaac1,20,40.632028333,-8.659495
X,20,40.632028333,-8.659495
eduroam,20,40.632028333,-8.659495
eduroam,20,40.632028333,-8.659495
eduroam,19,40.632028333,-8.659495
,19,40.632028333,-8.659495
X_guest,17,40.632028333,-8.659495
eduroam,17,40.632028333,-8.659495
eduroam,14,40.632028333,-8.659495
MEO-WiFi,12,40.632028333,-8.659495
eduroam,12,40.632028333,-8.659495
CUA,10,40.632028333,-8.659495
Claro,63,40.631976667,-8.659496667
Sofi,49,40.631976667,-8.659496667
eduroam,44,40.631976667,-8.659496667
eduroam,35,40.631976667,-8.659496667
Kalebe,32,40.631976667,-8.659496667
eduroam,29,40.631976667,-8.659496667
eduroam,27,40.631976667,-8.659496667
eduroam,25,40.631976667,-8.659496667
eduroam,22,40.631976667,-8.659496667
LabCom331,22,40.631976667,-8.659496667
eduroam,22,40.631976667,-8.659496667
AndroidAPaac1,20,40.631976667,-8.659496667
X,20,40.631976667,-8.659496667
eduroam,20,40.631976667,-8.659496667
eduroam,20,40.631976667,-8.659496667
eduroam,19,40.631976667,-8.659496667
,19,40.631976667,-8.659496667
X_guest,17,40.631976667,-8.659496667
eduroam,17,40.631976667,-8.659496667
eduroam,14,40.631976667,-8.659496667
MEO-WiFi,12,40.631976667,-8.659496667
eduroam,12,40.631976667,-8.659496667
CUA,10,40.631976667,-8.659496667
Claro,63,40.631921667,-8.659493333
Sofi,49,40.631921667,-8.659493333
eduroam,44,40.631921667,-8.659493333
eduroam,35,40.631921667,-8.659493333
Kalebe,32,40.631921667,-8.659493333
eduroam,29,40.631921667,-8.659493333
eduroam,27,40.631921667,-8.659493333
eduroam,25,40.631921667,-8.659493333
eduroam,22,40.631921667,-8.659493333
LabCom331,22,40.631921667,-8.659493333
eduroam,22,40.631921667,-8.659493333
AndroidAPaac1,20,40.631921667,-8.659493333
X,20,40.631921667,-8.659493333
eduroam,20,40.631921667,-8.659493333
eduroam,20,40.631921667,-8.659493333
eduroam,19,40.631921667,-8.659493333
,19,40.631921667,-8.659493333
X_guest,17,40.631921667,-8.659493333
eduroam,17,40.631921667,-8.659493333
eduroam,14,40.631921667,-8.659493333
MEO-WiFi,12,40.631921667,-8.659493333
eduroam,12,40.631921667,-8.659493333
CUA,10,40.631921667,-8.659493333
Claro,75,40.63179,-8.659481667
Sofi,49,40.63179,-8.659481667
eduroam,35,40.63179,-8.659481667
AndroidAPaac1,35,40.63179,-8.659481667
eduroam,30,40.63179,-8.659481667
eduroam,29,40.63179,-8.659481667
eduroam,29,40.63179,-8.659481667
,29,40.63179,-8.659481667
eduroam,25,40.63179,-8.659481667
eduroam,24,40.63179,-8.659481667
eduroam,22,40.63179,-8.659481667
eduroam,22,40.63179,-8.659481667
eduroam,20,40.63179,-8.659481667
eduroam,20,40.63179,-8.659481667
eduroam,12,40.63179,-8.659481667
CUA,12,40.63179,-8.659481667
,12,40.63179,-8.659481667
MEO-WiFi,12,40.63179,-8.659481667
Claro,59,40.631721667,-8.65947
Sofi,49,40.631721667,-8.65947
eduroam,35,40.631721667,-8.65947
AndroidAPaac1,35,40.631721667,-8.65947
eduroam,30,40.631721667,-8.65947
eduroam,29,40.631721667,-8.65947
eduroam,29,40.631721667,-8.65947
,29,40.631721667,-8.65947
eduroam,25,40.631721667,-8.65947
eduroam,24,40.631721667,-8.65947
eduroam,22,40.631721667,-8.65947
eduroam,22,40.631721667,-8.65947
eduroam,20,40.631721667,-8.65947
eduroam,20,40.631721667,-8.65947
eduroam,12,40.631721667,-8.65947
CUA,12,40.631721667,-8.65947
,12,40.631721667,-8.65947
MEO-WiFi,12,40.631721667,-8.65947
Claro,58,40.631656667,-8.659446667
Sofi,49,40.631656667,-8.659446667
eduroam,35,40.631656667,-8.659446667
AndroidAPaac1,35,40.631656667,-8.659446667
eduroam,30,40.631656667,-8.659446667
eduroam,29,40.631656667,-8.659446667
eduroam,29,40.631656667,-8.659446667
,29,40.631656667,-8.659446667
eduroam,25,40.631656667,-8.659446667
eduroam,24,40.631656667,-8.659446667
eduroam,22,40.631656667,-8.659446667
eduroam,22,40.631656667,-8.659446667
eduroam,20,40.631656667,-8.659446667
eduroam,20,40.631656667,-8.659446667
eduroam,12,40.631656667,-8.659446667
CUA,12,40.631656667,-8.659446667
,12,40.631656667,-8.659446667
MEO-WiFi,12,40.631656667,-8.659446667
Claro,62,40.631596667,-8.65945
Sofi,49,40.631596667,-8.65945
eduroam,35,40.631596667,-8.65945
AndroidAPaac1,35,40.631596667,-8.65945
eduroam,30,40.631596667,-8.65945
eduroam,29,40.631596667,-8.65945
eduroam,29,40.631596667,-8.65945
,29,40.631596667,-8.65945
eduroam,25,40.631596667,-8.65945
eduroam,24,40.631596667,-8.65945
eduroam,22,40.631596667,-8.65945
eduroam,22,40.631596667,-8.65945
eduroam,20,40.631596667,-8.65945
eduroam,20,40.631596667,-8.65945
eduroam,12,40.631596667,-8.65945
CUA,12,40.631596667,-8.65945
,12,40.631596667,-8.65945
MEO-WiFi,12,40.631596667,-8.65945
